year,raw,smooth
1997.04,74,73.4
1997.13,73.8,74.1
1997.2,73.6,76.6
1997.29,74.6,77.4
1997.37,74.8,79.4
1997.45,71.8,81
1997.54,71.2,82
1997.62,79.2,83.5
1997.71,96.2,86.2
1997.79,85,88.9
1997.87,99.5,91.3
1997.95,98.8,93.9
1998.04,93.5,97.2
1998.12,93.1,102.2
1998.2,109.5,106.7
1998.29,108.3,108.3
1998.37,106.6,112.6
1998.45,108.4,116.5
1998.54,114,119.7
1998.62,136.1,123.4
1998.7,138.4,126
1998.79,117.4,126.6
1998.87,140.2,129.7
1998.95,150.1,134.6
1999.04,140.6,139
1999.12,142,143.3
1999.2,126.3,143.3
1999.29,117.3,145.3
1999.37,148.4,151.1
1999.45,170,153.3
1999.53,165.6,154
1999.62,170.8,156.5
1999.7,135.8,161.6
1999.79,164.9,166.1
1999.87,191.7,171.2
1999.95,169.8,173.6
2000.04,158.3,175.9
2000.12,173.7,175.7
2000.2,208.2,176.5
2000.29,184.2,179
2000.37,184.5,180.1
2000.45,178.8,178.7
2000.54,200,178.5
2000.62,163.1,177.6
2000.71,182.1,177.9
2000.79,167.8,175.6
2000.87,178.8,172.9
2000.96,173.8,172.1
2001.04,166.7,168.4
2001.13,147.3,165.6
2001.2,177.7,171
2001.29,178.3,173
2001.37,148.7,176.4
2001.45,173.7,180.9
2001.54,131.3,184.9
2001.62,163.2,187.9
2001.71,233.3,190.4
2001.79,208.2,191.3
2001.87,212.5,191.3
2001.95,236.6,191.3
2002.04,226.4,191.3
2002.12,205.2,195.4
2002.2,179.5,196.4
2002.29,189.7,191.3
2002.37,178.4,188.2
2002.45,148.8,184
2002.54,174.5,176.9
2002.62,184,169
2002.7,175.9,163.4
2002.79,167,159.4
2002.87,168.7,153.7
2002.95,157.2,150
2003.04,144,148.3
2003.12,124.6,144.3
2003.2,132.3,138.8
2003.29,126.5,137.1
2003.37,116.7,135
2003.45,129.4,130.9
2003.53,127.8,127.6
2003.62,122.1,124.7
2003.7,112.3,123.8
2003.79,153.1,121.4
2003.87,140.8,119.4
2003.95,115.1,117.9
2004.04,114.1,117
2004.12,107,115.7
2004.2,112.2,114.2
2004.29,101.3,113.7
2004.37,99.7,110.6
2004.45,97.4,107.1
2004.54,118.7,106.1
2004.62,110.1,104.8
2004.71,103.1,103.5
2004.79,105.8,101.5
2004.87,113.2,101.4
2004.96,94.6,100.9
2005.04,102.4,100.8
2005.13,97.3,98.7
2005.2,90,97.2
2005.29,85.9,95.2
2005.37,99.5,93.7
2005.45,93.7,91.9
2005.54,96.6,91.1
2005.62,90.7,89.1
2005.71,90.8,87.4
2005.79,76.6,87.4
2005.87,86.3,87
2005.95,90.8,85.2
2006.04,83.5,83.8
2006.12,76.6,82.5
2006.2,75.5,81.5
2006.29,89,80.2
2006.37,80.9,81
2006.45,76.5,80.8
2006.54,75.8,80.2
2006.62,79,79.8
2006.7,77.8,79.5
2006.79,74.4,79.2
2006.87,86.4,78.1
2006.95,84.3,77.6
2007.04,83.3,77.2
2007.12,77.8,76.7
2007.2,72.4,75.8
2007.29,72.4,75
2007.37,74.5,74.6
2007.45,73.7,74
2007.53,71.6,73.3
2007.62,69.2,72.3
2007.7,67.1,71.9
2007.79,67.5,71.8
2007.87,69.7,71.5
2007.95,78.6,70.8
2008.04,74.4,70.2
2008.12,71.2,69.8
2008.2,72.9,69.6
2008.29,70.3,69.7
2008.37,68.4,69.8
2008.45,65.9,69.8
2008.54,65.8,69.1
2008.62,66.4,68.8
2008.71,67.1,68.6
2008.79,68.4,68.4
2008.87,68.6,68.4
2008.96,69.2,68.4
2009.04,69.9,68.6
2009.13,70.1,68.7
2009.2,69.3,69
2009.29,69.7,69.4
2009.37,70.6,69.9
2009.45,68.6,70.5
2009.54,68.3,71.4
2009.62,67.4,72.6
2009.71,70.4,73.6
2009.79,72.4,74.1
2009.87,73.6,74.4
2009.95,76.8,74.6
2010.04,81.1,75.4
2010.12,84.8,76.3
2010.2,83.3,77.4
2010.29,76,78.2
2010.37,73.9,79
2010.45,72.6,79.8
2010.54,79.9,80.4
2010.62,79.7,81.4
2010.7,81.1,83.7
2010.79,81.7,86
2010.87,82.6,87.5
2010.95,84.3,89.2
2011.04,83.7,90.9
2011.12,94.6,92.6
2011.2,115.4,96.8
2011.29,112.6,101.1
2011.37,96,106.6
2011.45,95.8,111.1
2011.53,94.3,114.9
2011.62,101.8,116.7
2011.7,134.5,118.3
2011.79,137.3,118.1
2011.87,153.2,118.8
2011.95,141.3,120.7
2012.04,133.2,123.7
2012.12,106.8,125.4
2012.2,115.6,127
2012.29,113.2,126.2
2012.37,121.5,124.9
2012.45,120.5,121.5
2012.54,135.6,120.4
2012.62,115.7,118.2
2012.71,123.2,118.5
2012.79,123.4,119.3
2012.87,120.9,120.7
2012.96,108.5,119.8
2013.04,127.2,119.4
2013.13,104.4,117.8
2013.2,111.3,116.8
2013.29,125,117.5
2013.37,131.4,119.4
2013.45,110.2,121.5
2013.54,115.6,125.4
2013.62,114.7,128.7
2013.71,102.7,132.2
2013.79,132.3,134.7
2013.87,148.4,135.1
2013.95,147.8,134.4
2014.04,158.7,136.5
2014.12,170.3,137.2
2014.2,149.8,139.6
2014.29,144.3,143.5
2014.37,130.1,145.3
2014.45,122.2,146.1
2014.54,137.4,145.6
2014.62,124.7,143.3
2014.7,146.2,139.9
2014.79,153.7,138.4
2014.87,155.3,136.5
2014.95,158.8,136
2015.04,141.7,134.8
2015.12,128.8,132.4
2015.2,126.1,130.7
2015.29,129.2,127.4
2015.37,120.1,124
2015.45,123.2,120.8
2015.53,107,116.5
2015.62,106.3,113.6
2015.7,102.1,110.7
2015.79,104.1,108.2
2015.87,109.6,105.4
2015.95,112.8,102.5
2016.04,103.5,99.6
2016.12,103.5,97.9
2016.2,91.6,96.5
2016.29,93.4,95.3
2016.37,93.2,93.3
2016.45,81.9,90.7
2016.54,86,87.9
2016.62,85,85.5
2016.71,87.8,83
2016.79,86.1,81.4
2016.87,78.7,79.7
2016.96,75.2,77.8
2017.79,76.4,76.9
2017.87,72.2,75.7
2017.95,71.6,74.8
2018.04,70,73.4
2018.12,72,72.1
2018.2,68.4,71.3
2018.29,70.1,70.8
2018.37,70.9,70.3
2018.45,72.5,70.1
2018.54,69.7,70.1
2018.62,69.1,70.1
2018.7,68.3,70.1
2018.79,69.6,70.4
2018.87,69,70.5
2018.95,70,70.3
2019.04,71.6,69.9
2019.12,70.6,69.7
2019.2,71.6,69.6
2019.29,72.5,69.5
2019.37,71.3,69.6
2019.45,68.2,69.8
2019.53,67.2,69.9
2019.62,67.1,69.9
2019.7,68.1,69.8
2019.79,67.5,69.7
2019.87,70.2,69.4
2019.95,71,69.3
2020.04,72.3,69.4
2020.12,71,69.8
2020.2,70.1,70
2020.29,69.6,70.5
2020.37,69.2,72.3
2020.45,69.5,73.6
2020.54,69.5,74
2020.62,71.7,74.1
2020.71,70.8,74.6
2020.79,74.8,75.1
2020.87,90,75.6
2020.96,86.9,76.3
2021.04,76,77.2
2021.13,74.4,77.9
2021.2,77.6,79.1
2021.29,76.4,80.5
2021.37,75.5,81.4
2021.45,79.2,82.4
2021.54,81.1,83.7
2021.62,77.8,86.2
2021.71,87.3,89.5
2021.79,89.2,93.6
2021.87,86.2,98
2021.95,103,101.1
2022.04,103.8,104.7
2022.12,109.3,107.6
2022.2,117.1,112
2022.29,130.7,115.6
2022.37,134.2,118.2
2022.45,116.1,123
2022.54,125.8,129
2022.62,118.3,134.4
2022.7,135.1,138.1
2022.79,133.5,140.3
2022.87,123.4,142.3
2022.95,148.1,144.4
2023.04,182.3,149.1
2023.12,173.5,151.2
2023.2,157.2,154
2023.29,145.8,154.6
2023.37,156,156.2
2023.45,161.7,158.3
2023.53,177.1,159.5
2023.62,153.8,158.8
2023.7,154.5,157.4
2023.79,142.8,157.8
2023.87,153.9,161
2023.95,151.3,163.2
2024.04,163.9,165.9
2024.12,173.3,171.3
2024.2,155.2,174.6
2024.29,161.6,179.8
2024.37,187.8,184.3
2024.45,184.4,187.7
2024.54,197.4,190.6
2024.62,247.4,192.2
2024.71,196.2,191.5
2024.79,222.2,192
2024.87,201.4,190
2024.96,197.7,185.7
2025.04,189.4,182.1
2025.13,184.2,179.1
2025.2,164.3,171.9
2025.29,162.5,167.6
2025.37,135.3,161.4
2025.45,131.5,158.2
2025.54,137.8,154.9
2025.62,158.4,151.8
2025.71,154.5,148.5
2025.79,140.1,146.8
2025.87,140.9,144.8
2025.95,160.3,146.2
