lag,r_365d,r_181d,r_731d
1,0.936499,0.926935,0.945811
2,0.863916,0.843271,0.883915
3,0.764385,0.728677,0.799174
4,0.651571,0.599046,0.70312
5,0.531023,0.460823,0.600605
6,0.410696,0.322852,0.498188
7,0.29822,0.193995,0.402453
8,0.196816,0.0780027,0.316131
9,0.109842,-0.0215293,0.241848
10,0.0404804,-0.100724,0.182502
11,-0.0135689,-0.162626,0.136007
12,-0.0492868,-0.203676,0.104952
13,-0.065735,-0.222566,0.0903118
14,-0.0635033,-0.220072,0.0916014
15,-0.0465177,-0.200836,0.105378
16,-0.0157043,-0.16593,0.130997
17,0.0261732,-0.118444,0.166212
18,0.0744096,-0.0635227,0.206927
19,0.129015,-0.00123454,0.253192
20,0.185764,0.0637772,0.301606
21,0.239578,0.125394,0.34755
22,0.288179,0.181327,0.389288
23,0.329073,0.228535,0.424521
24,0.35774,0.26185,0.449565
25,0.373882,0.280729,0.464014
26,0.375988,0.283439,0.466656
27,0.365999,0.272168,0.459009
28,0.342078,0.244844,0.439332
29,0.307796,0.205695,0.410798
30,0.265497,0.157535,0.375094
31,0.218408,0.104027,0.335154
32,0.170037,0.0493732,0.293766
33,0.120928,-0.00572075,0.251565
34,0.0748041,-0.0569505,0.21151
35,0.0313815,-0.104824,0.173616
36,-0.00680441,-0.14659,0.13996
37,-0.0401149,-0.182797,0.110356
38,-0.0659561,-0.210424,0.0870852
39,-0.0842271,-0.229628,0.0702176
40,-0.093672,-0.238632,0.0609402
41,-0.0933738,-0.236934,0.0601056
42,-0.0863304,-0.227669,0.0653403
43,-0.0724512,-0.210812,0.076543
44,-0.0529448,-0.187751,0.092684
45,-0.0298098,-0.160807,0.112207
46,-0.00484256,-0.132193,0.133525
47,0.0202469,-0.103913,0.15513
48,0.0460087,-0.0753395,0.177484
49,0.0684501,-0.0510838,0.197183
50,0.0896152,-0.028514,0.216004
51,0.108038,-0.00928268,0.233642
52,0.122728,0.00564267,0.247371
53,0.131866,0.0144965,0.25626
54,0.136172,0.0182739,0.261089
55,0.133878,0.0150861,0.25976
56,0.125162,0.00561576,0.252892
57,0.110706,-0.00940536,0.240738
58,0.0916359,-0.0283957,0.224481
59,0.068601,-0.0508628,0.204527
60,0.0426416,-0.0756807,0.181865
61,0.0157826,-0.10083,0.15792
62,-0.00985633,-0.124239,0.13466
63,-0.0335056,-0.144922,0.113173
64,-0.0565447,-0.164752,0.0915906
65,-0.0750199,-0.179505,0.0737515
66,-0.0897627,-0.190155,0.0587675
67,-0.101075,-0.197405,0.0474706
68,-0.106343,-0.198213,0.0409492
69,-0.105988,-0.193394,0.0397213
70,-0.0992665,-0.181925,0.0441876
71,-0.0869117,-0.165041,0.0538315
72,-0.0698074,-0.143713,0.0678549
73,-0.0517542,-0.122329,0.0833107
74,-0.0318237,-0.0994548,0.100673
75,-0.0129742,-0.0786117,0.117457
76,0.0051218,-0.0591401,0.133872
77,0.0215179,-0.0420697,0.149016
78,0.0375178,-0.0255762,0.163542
79,0.0512712,-0.0113848,0.176224
80,0.0626242,0.000630884,0.186553
81,0.0666959,0.00537074,0.19035
82,0.066285,0.00588285,0.189983
83,0.0599414,0.00104444,0.184265
84,0.0471182,-0.00944926,0.172709
85,0.0303632,-0.0226979,0.157561
86,0.00837982,-0.0401132,0.137753
87,-0.0155423,-0.058705,0.115674
88,-0.0409488,-0.0761727,0.0928516
89,-0.0644031,-0.0901321,0.0716173
90,-0.0868085,-0.101233,0.0512344
91,-0.1047,-0.106042,0.0348226
92,-0.119469,-0.108131,0.0212424
93,-0.128699,-0.105052,0.0124961
94,-0.132728,-0.0979916,0.0082431
95,-0.131425,-0.0867534,0.00850827
96,-0.12457,-0.0713846,0.0135386
97,-0.115021,-0.0560027,0.0207809
98,-0.102605,-0.0391727,0.0303527
99,-0.0885822,-0.0222942,0.0413507
100,-0.0743746,-0.00689315,0.0525063
101,-0.0590196,0.00898178,0.0646101
102,-0.0428841,0.0246897,0.0773086
103,-0.0297153,0.036581,0.0874244
104,-0.0173356,0.0479457,0.096901
105,-0.00811529,0.056125,0.10366
106,-0.000948347,0.0641385,0.108785
107,0.00290123,0.0683044,0.111055
108,0.000629573,0.0669,0.108228
109,-0.0070671,0.0604155,0.100782
110,-0.0202017,0.0486459,0.0887541
111,-0.0357003,0.0348759,0.0747465
112,-0.0536952,0.0188962,0.0586804
113,-0.0712677,0.00418689,0.0431008
114,-0.0889848,-0.0103179,0.0273093
115,-0.105338,-0.0231266,0.0126298
116,-0.116541,-0.0300743,0.00242697
117,-0.125617,-0.0349484,-0.00600594
118,-0.130227,-0.0351485,-0.0105877
119,-0.131989,-0.0327828,-0.0128329
120,-0.131875,-0.0288947,-0.0135416
121,-0.131483,-0.025545,-0.0141506
122,-0.130298,-0.0220557,-0.0141455
123,-0.127337,-0.0171771,-0.012771
124,-0.126019,-0.0148603,-0.0129854
125,-0.124882,-0.0133837,-0.0134015
126,-0.122563,-0.0109935,-0.0128416
127,-0.117683,-0.00613768,-0.0100609
128,-0.11109,0.000455138,-0.00587887
129,-0.104448,0.00688047,-0.00172689
130,-0.0967215,0.0144932,0.00337498
131,-0.0885472,0.022718,0.00893977
132,-0.0819644,0.0292744,0.013236
133,-0.0762025,0.0354356,0.0169604
134,-0.0722845,0.0398426,0.019249
135,-0.0675858,0.045529,0.0223784
136,-0.0643777,0.0497743,0.0243108
137,-0.0618321,0.0537239,0.0256764
138,-0.0624457,0.0543816,0.0244282
139,-0.0628108,0.0556097,0.0234657
140,-0.0660504,0.053785,0.0200502
141,-0.071429,0.0496031,0.0147843
142,-0.0763809,0.0460484,0.00994569
143,-0.0839915,0.0394705,0.00283997
144,-0.0930736,0.0310675,-0.00567336
145,-0.10428,0.019916,-0.0161427
146,-0.113628,0.0104347,-0.0251731
147,-0.124768,-0.00134544,-0.035787
148,-0.135485,-0.0130331,-0.0461418
149,-0.1443,-0.0228345,-0.0550106
150,-0.152749,-0.0325345,-0.0637542
151,-0.157788,-0.0388226,-0.0697415
152,-0.163349,-0.0463443,-0.0763619
153,-0.165665,-0.0507361,-0.0804088
154,-0.166933,-0.0544032,-0.0837863
155,-0.164907,-0.0545259,-0.0846085
156,-0.161487,-0.0533821,-0.0845508
157,-0.155348,-0.0491635,-0.0822673
158,-0.148058,-0.0438018,-0.0790114
159,-0.138136,-0.0353789,-0.0734337
160,-0.128889,-0.0274888,-0.0683534
161,-0.117638,-0.0169068,-0.0612912
162,-0.106196,-0.00561059,-0.0537824
163,-0.0954687,0.00538255,-0.0466092
164,-0.0886705,0.0126445,-0.0423044
165,-0.0841021,0.0180768,-0.0394703
166,-0.0829617,0.0201696,-0.0393096
167,-0.0859045,0.0181581,-0.0423851
168,-0.0900819,0.0151654,-0.0462519
169,-0.0976678,0.00838139,-0.0529733
170,-0.10402,0.00300116,-0.0585796
171,-0.109815,-0.00202567,-0.0638195
172,-0.115434,-0.00740742,-0.0692329
173,-0.112668,-0.00386318,-0.067709
174,-0.117503,-0.00988335,-0.073143
175,-0.115134,-0.00836598,-0.0727059
176,-0.10983,-0.00445159,-0.0702983
177,-0.10363,-0.000449616,-0.0677623
178,-0.0948135,0.00553455,-0.0636191
179,-0.0845515,0.0123494,-0.0588182
180,-0.074171,0.0188022,-0.0544889
181,-0.0647576,0.0237457,-0.0514244
182,-0.0540531,0.0300561,-0.0476888
183,-0.0438398,0.0355137,-0.044712
184,-0.0349601,0.039864,-0.0425966
185,-0.0283264,0.0422251,-0.0420302
186,-0.0229476,0.0439229,-0.0420764
187,-0.0217178,0.0415092,-0.0450256
188,-0.0260885,0.0332408,-0.0521453
189,-0.0340174,0.0215531,-0.0617565
190,-0.0445281,0.00766347,-0.072948
191,-0.0577634,-0.00867296,-0.0858925
192,-0.0705323,-0.02394,-0.0980545
193,-0.0827977,-0.0381301,-0.109552
194,-0.0927773,-0.0494394,-0.118795
195,-0.10113,-0.0586456,-0.126558
196,-0.106828,-0.0645382,-0.131962
197,-0.108923,-0.0661212,-0.134182
198,-0.108135,-0.0645926,-0.134001
199,-0.103561,-0.0591753,-0.130781
200,-0.0967304,-0.0515699,-0.125758
