phase,mean,cycle_23,cycle_24,cycle_25
0.025,71.6883,73.6452,69.7313,70.4306
0.075,83.4346,95.4562,71.4129,76.9378
0.125,98.4615,118.217,78.7065,77.0335
0.175,109.994,137.585,82.403,96.9809
0.225,134.437,166.281,102.592,127.445
0.275,158.688,184.097,133.279,151.751
0.325,144.343,168.092,120.593,157.12
0.375,145.634,174.207,117.06,168.077
0.425,163.623,206.903,120.343,208.01
0.475,159.898,170.444,149.352,152.397
0.525,135.57,128.995,142.144,153.427
0.575,126.352,123.207,129.498,
0.625,105.844,105.848,105.841,
0.675,95.3582,99.0415,91.675,
0.725,86.1722,90.0323,82.3121,
0.775,80.9171,80.9171,,
0.825,75.9129,80.212,71.6138,
0.875,71.0153,71.8664,70.1642,
0.925,71.5195,72.0092,71.0299,
0.975,67.6706,67.2361,68.105,
