years,hot,hot_long,analogue,cold_long,cold
0.5,150.707,122.768,110.656,88.325,76.6751
0.745763,149.196,121.606,110.656,87.1632,76.0199
0.991525,146.244,119.401,110.656,84.9579,74.7742
1.23729,144.766,118.376,110.656,83.9325,74.1462
1.48305,142.735,116.967,110.656,82.524,73.2835
1.72881,140.864,115.669,110.656,81.2262,72.4887
1.97458,139.338,114.611,110.656,80.1673,71.8401
2.22034,137.994,113.679,110.656,79.2357,71.2695
2.4661,136.505,112.645,110.656,78.2022,70.6366
2.71186,135.606,112.022,110.656,77.579,70.2549
2.95763,133.379,110.477,110.656,76.0341,69.3087
3.20339,131.702,109.314,110.656,74.871,68.5963
3.44915,130.498,108.479,110.656,74.0356,68.0847
3.69492,128.764,107.276,110.656,72.8327,67.348
3.94068,127.174,106.173,110.656,71.7302,66.6727
4.18644,125.886,105.28,110.656,70.8368,66.1255
4.4322,125.035,104.69,110.656,70.2466,65.764
4.67797,124.206,104.115,110.656,69.6716,65.2846
4.92373,124.102,104.043,110.656,69.5994,65.2124
5.16949,124.348,104.213,110.656,69.7698,65.3828
5.41525,125.198,104.803,110.656,70.3597,65.8333
5.66102,126.641,105.804,112.124,71.3606,66.4463
5.90678,128.435,107.048,130.558,72.6047,67.2083
6.15254,131.429,109.125,147.979,74.6817,68.4804
6.39831,133.795,110.766,147.979,76.3226,69.4854
6.64407,136.065,112.341,147.979,77.8974,70.4499
6.88983,138.546,114.062,147.979,79.6185,71.504
7.13559,141.026,115.781,148.741,81.3381,72.5572
7.38136,143.434,117.452,149.911,83.0085,73.5803
7.62712,145.767,119.07,153.1,84.6272,74.5717
7.87288,147.643,120.412,153.1,85.9684,75.3462
8.11864,149.574,121.897,161.618,87.4541,76.184
8.36441,151.915,123.698,167.954,89.2544,77.1993
8.61017,153.783,125.134,167.954,90.6908,78.0093
8.85593,155.565,126.505,172.326,92.0615,78.7824
9.10169,158.18,128.516,193.117,94.0726,79.9165
9.34746,160.432,130.248,193.858,95.8043,80.8931
9.59322,161.708,131.229,193.858,96.7856,81.4465
9.83898,162.633,131.94,193.858,97.4966,81.8475
10.0847,163.272,132.431,193.858,97.9881,82.1247
10.3305,163.51,132.615,193.858,98.1715,82.2281
10.5763,163.356,132.496,193.858,98.0529,82.1612
10.822,163.06,132.268,193.858,97.8252,82.0328
11.0678,162.866,132.119,193.858,97.6762,81.9488
11.3136,162.307,131.689,193.858,97.2462,81.7063
11.5593,161.607,131.151,193.858,96.7076,81.4025
11.8051,161.027,130.705,193.858,96.2615,81.151
12.0508,160.397,130.22,193.858,95.7773,80.8779
12.2966,159.668,129.659,193.858,95.2163,80.5615
12.5424,158.894,129.064,193.858,94.621,80.2258
12.7881,158.16,128.5,193.858,94.0568,79.9076
13.0339,157.36,127.885,193.858,93.4417,79.5607
13.2797,156.545,127.258,193.858,92.8148,79.2072
13.5254,155.798,126.683,193.858,92.2402,78.8831
13.7712,154.997,126.067,193.858,91.6242,78.5357
14.0169,154.232,125.479,193.858,91.036,78.2041
14.2627,153.421,124.856,193.858,90.4125,77.8524
14.5085,152.447,124.107,193.858,89.6635,77.43
14.7542,151.67,123.509,193.858,89.0658,77.0929
15,150.941,122.948,193.858,88.5053,76.7768
