lead,bias,rmse
1,-0.59307,10.3254
2,-0.797735,12.5077
3,-1.27746,15.1823
4,-1.73902,17.4679
5,-1.97803,18.5149
6,-2.39825,19.6758
7,-2.59481,20.1536
8,-2.55968,21.1611
9,-2.73913,21.2323
10,-2.46817,21.895
11,-2.1567,22.2919
12,-1.93468,22.57
13,-1.81517,22.313
14,-1.89692,21.8591
15,-2.33483,22.9952
16,-2.31777,23.2137
17,-2.22841,23.8565
18,-2.20867,24.4892
19,-2.01251,23.6908
20,-2.11276,23.748
21,-2.22919,23.1517
22,-2.49024,23.6221
23,-2.90367,23.8425
24,-3.27126,24.47
25,-3.72497,24.6177
26,-3.92997,24.8287
27,-5.95833,31.3658
