lead,skill_strict,skill_leaky
1,0.0685159,-1.31381
2,0.19884,-0.517711
3,0.224848,-0.194059
4,0.213843,-0.0606001
5,0.276878,0.0618406
6,0.317955,0.171325
7,0.362594,0.25602
8,0.40209,0.323902
9,0.437537,0.377851
10,0.432552,0.388683
11,0.418854,0.385842
12,0.413768,0.399271
13,0.401629,0.400378
14,0.418677,0.42569
15,0.391829,0.410614
16,0.369874,0.396998
17,0.304172,0.344946
18,0.247527,0.292134
19,0.21172,0.262636
20,0.169615,0.222441
21,0.140462,0.191206
22,0.0784955,0.121331
23,0.0176509,0.0480075
24,-0.0355196,-0.0286987
25,-0.0324461,-0.0327093
26,-0.0220863,-0.0577754
27,0.0430227,0.0421735
