years,level,g3
0.5,64.1474,132
0.621849,73.073,132
0.743697,80.3963,132
0.865546,86.606,132
0.987395,91.9964,132
1.10924,96.7587,132
1.23109,101.024,132
1.35294,104.887,132
1.47479,108.416,132
1.59664,111.665,132
1.71849,114.675,132
1.84034,117.479,132
1.96218,120.102,132
2.08403,122.568,132
2.20588,124.894,132
2.32773,127.094,132
2.44958,129.182,132
2.57143,131.169,132
2.69328,133.064,132
2.81513,134.875,132
2.93697,136.609,132
3.05882,138.273,132
3.18067,139.871,132
3.30252,141.41,132
3.42437,142.893,132
3.54622,144.324,132
3.66807,145.706,132
3.78992,147.044,132
3.91176,148.339,132
4.03361,149.594,132
4.15546,150.812,132
4.27731,151.995,132
4.39916,153.145,132
4.52101,154.263,132
4.64286,155.351,132
4.76471,156.411,132
4.88655,157.445,132
5.0084,158.453,132
5.13025,159.437,132
5.2521,160.397,132
5.37395,161.336,132
5.4958,162.254,132
5.61765,163.151,132
5.7395,164.029,132
5.86134,164.889,132
5.98319,165.731,132
6.10504,166.556,132
6.22689,167.365,132
6.34874,168.158,132
6.47059,168.936,132
6.59244,169.7,132
6.71429,170.449,132
6.83613,171.185,132
6.95798,171.908,132
7.07983,172.619,132
7.20168,173.317,132
7.32353,174.004,132
7.44538,174.679,132
7.56723,175.344,132
7.68908,175.997,132
7.81092,176.641,132
7.93277,177.274,132
8.05462,177.898,132
8.17647,178.513,132
8.29832,179.118,132
8.42017,179.715,132
8.54202,180.303,132
8.66387,180.882,132
8.78571,181.454,132
8.90756,182.018,132
9.02941,182.574,132
9.15126,183.122,132
9.27311,183.664,132
9.39496,184.198,132
9.51681,184.725,132
9.63866,185.246,132
9.7605,185.76,132
9.88235,186.268,132
10.0042,186.77,132
10.1261,187.265,132
10.2479,187.755,132
10.3697,188.238,132
10.4916,188.716,132
10.6134,189.189,132
10.7353,189.656,132
10.8571,190.118,132
10.979,190.575,132
11.1008,191.027,132
11.2227,191.473,132
11.3445,191.915,132
11.4664,192.352,132
11.5882,192.785,132
11.7101,193.213,132
11.8319,193.637,132
11.9538,194.056,132
12.0756,194.471,132
12.1975,194.882,132
12.3193,195.289,132
12.4412,195.692,132
12.563,196.091,132
12.6849,196.486,132
12.8067,196.877,132
12.9286,197.264,132
13.0504,197.648,132
13.1723,198.029,132
13.2941,198.406,132
13.416,198.779,132
13.5378,199.149,132
13.6597,199.516,132
13.7815,199.879,132
13.9034,200.239,132
14.0252,200.597,132
14.1471,200.951,132
14.2689,201.302,132
14.3908,201.65,132
14.5126,201.995,132
14.6345,202.337,132
14.7563,202.676,132
14.8782,203.013,132
15,203.347,132
