h [km],t [min],x [km]
200,0,6578.137
200,3,6429.474
200,6,5990.203
200,9,5280.179
200,12,4331.495
200,15,3187.03
200,18,1898.515
200,21,524.187
200,24,-873.833
200,27,-2232.356
200,30,-3489.979
200,33,-4589.857
200,36,-5482.277
200,39,-6126.902
200,42,-6494.596
200,45,-6568.738
200,48,-6345.979
200,51,-5836.386
200,54,-5062.992
200,57,-4060.755
200,60,-2874.975
200,63,-1559.248
200,66,-173.044
200,69,1220.982
200,72,2559.819
200,75,3782.955
200,78,4835.104
200,81,5668.71
200,84,6246.095
200,87,6541.16
200,90,6540.57
200,93,6244.351
200,96,5665.891
200,99,4831.338
200,102,3778.412
200,105,2554.704
200,108,1215.525
200,111,-178.594
200,114,-1564.641
200,117,-2879.968
200,120,-4065.122
400,0,6778.137
400,3,6638.072
400,6,6223.664
400,9,5552.042
400,12,4650.962
400,15,3557.664
400,18,2317.333
400,21,981.229
400,24,-395.426
400,27,-1755.74
400,30,-3043.491
400,33,-4205.459
400,36,-5193.622
400,39,-5967.14
400,42,-6494.044
400,45,-6752.559
400,48,-6732.0
400,51,-6433.217
400,54,-5868.559
400,57,-5061.361
400,60,-4044.985
400,63,-2861.436
400,66,-1559.627
400,69,-193.361
400,72,1180.896
400,75,2506.349
400,78,3728.217
400,81,4796.004
400,84,5665.579
400,87,6301.003
400,90,6676.016
400,93,6775.119
400,96,6594.216
400,99,6140.784
400,102,5433.562
400,105,4501.778
400,108,3383.942
400,111,2126.253
400,114,780.689
400,117,-597.14
400,120,-1950.29
600,0,6978.137
600,3,6845.947
600,6,6454.386
600,9,5818.289
600,12,4961.755
600,15,3917.236
600,18,2724.305
600,21,1428.159
600,24,77.904
600,27,-1275.302
600,30,-2580.191
600,33,-3787.324
600,36,-4850.968
600,39,-5730.824
600,42,-6393.557
600,45,-6814.059
600,48,-6976.398
600,51,-6874.422
600,54,-6511.997
600,57,-5902.853
600,60,-5070.068
600,63,-4045.195
600,66,-2867.061
600,69,-1580.304
600,72,-233.675
600,75,1121.808
600,78,2434.79
600,81,3655.524
600,84,4737.763
600,87,5640.502
600,90,6329.541
600,93,6778.774
600,96,6971.18
600,99,6899.47
600,102,6566.361
600,105,5984.474
600,108,5175.854
600,111,4171.137
600,114,3008.388
600,117,1731.662
600,120,389.328
800,0,7178.137
800,3,7053.179
800,6,6682.654
800,9,6079.464
800,12,5264.609
800,15,4266.46
800,18,3119.767
800,21,1864.456
800,24,544.231
800,27,-794.942
800,30,-2106.438
800,33,-3344.595
800,36,-4466.306
800,39,-5432.516
800,42,-6209.586
800,45,-6770.46
800,48,-7095.612
800,51,-7173.72
800,54,-7002.066
800,57,-6586.625
800,60,-5941.861
800,63,-5090.224
800,66,-4061.363
800,69,-2891.1
800,72,-1620.18
800,75,-292.851
800,78,1044.674
800,81,2345.827
800,84,3565.307
800,87,4660.656
800,90,5593.738
800,93,6332.066
800,96,6849.935
800,99,7129.314
800,102,7160.476
800,105,6942.336
800,108,6482.489
800,111,5796.946
800,114,4909.574
800,117,3851.268
800,120,2658.876
1000,0,7378.137
1000,3,7259.834
1000,6,6908.719
1000,9,6336.052
1000,12,5560.197
1000,15,4606.035
1000,18,3504.165
1000,21,2289.921
1000,24,1002.243
1000,27,-317.576
1000,30,-1627.21
1000,33,-2884.663
1000,36,-4049.608
1000,39,-5084.689
1000,42,-5956.711
1000,45,-6637.711
1000,48,-7105.849
1000,51,-7346.113
1000,54,-7350.798
1000,57,-7119.755
1000,60,-6660.391
1000,63,-5987.439
1000,66,-5122.479
1000,69,-4093.248
1000,72,-2932.753
1000,75,-1678.209
1000,78,-369.848
1000,81,950.374
1000,84,2240.119
1000,87,3458.027
1000,90,4565.041
1000,93,5525.661
1000,96,6309.081
1000,99,6890.179
1000,102,7250.318
1000,105,7377.951
1000,108,7268.985
1000,111,6926.912
1000,114,6362.705
1000,117,5594.454
1000,120,4646.798
