h [km],T [min]
150,87.487019
175,87.990057
200,88.494056
225,88.999013
250,89.504927
275,90.011797
300,90.519619
325,91.028393
350,91.538116
375,92.048787
400,92.560405
425,93.072966
450,93.586471
475,94.100916
500,94.6163
525,95.132622
550,95.64988
575,96.168072
600,96.687196
625,97.207251
650,97.728236
675,98.250147
700,98.772985
725,99.296746
750,99.82143
775,100.347035
800,100.873559
825,101.401001
850,101.929359
875,102.458632
900,102.988817
925,103.519914
950,104.05192
975,104.584835
1000,105.118657
