lever,margin
0,0.665963
0.505618,0.663473
1.01124,0.660984
1.51685,0.658495
2.02247,0.656006
2.52809,0.653517
3.03371,0.651027
3.53933,0.648538
4.04494,0.646049
4.55056,0.64356
5.05618,0.641071
5.5618,0.638581
6.06742,0.636092
6.57303,0.633603
7.07865,0.631114
7.58427,0.628625
8.08989,0.626135
8.59551,0.623646
9.10112,0.621157
9.60674,0.618668
10.1124,0.616179
10.618,0.613689
11.1236,0.6112
11.6292,0.608711
12.1348,0.606222
12.6404,0.603733
13.1461,0.601243
13.6517,0.598754
14.1573,0.596265
14.6629,0.593776
15.1685,0.591287
15.6742,0.588798
16.1798,0.586308
16.6854,0.583819
17.191,0.58133
17.6966,0.578841
18.2022,0.576352
18.7079,0.573862
19.2135,0.571373
19.7191,0.568884
20.2247,0.566395
20.7303,0.563906
21.236,0.561416
21.7416,0.558927
22.2472,0.556438
22.7528,0.553949
23.2584,0.55146
23.764,0.54897
24.2697,0.546481
24.7753,0.543992
25.2809,0.541503
25.7865,0.539014
26.2921,0.536524
26.7978,0.534035
27.3034,0.531546
27.809,0.529057
28.3146,0.526568
28.8202,0.524078
29.3258,0.521589
29.8315,0.5191
30.3371,0.516611
30.8427,0.514122
31.3483,0.511632
31.8539,0.509143
32.3596,0.506654
32.8652,0.504165
33.3708,0.501676
33.8764,0.499186
34.382,0.496697
34.8876,0.494208
35.3933,0.491719
35.8989,0.48923
36.4045,0.48674
36.9101,0.484251
37.4157,0.481762
37.9213,0.479273
38.427,0.476784
38.9326,0.474294
39.4382,0.471805
39.9438,0.469316
40.4494,0.466827
40.9551,0.464338
41.4607,0.461849
41.9663,0.459359
42.4719,0.45687
42.9775,0.454381
43.4831,0.451892
43.9888,0.449403
44.4944,0.446913
45,0.444424
